{
    "Solution": {
        "beta_x": 27.736721820346823,
        "beta_y": 48.968045034125204,
        "n": 4.469467329860167
    },
    "Values": [
        0.22342167347212696,
        0.05093688062099347
    ],
    "Population": {
        "beta_x": [
            0.01,
            50.0
        ],
        "beta_y": [
            0.01,
            50.0
        ],
        "n": [
            0.01,
            10.0
        ]
    },
    "SampleSpace": {
        "beta_x": 1,
        "beta_y": 1,
        "n": 1
    }
}