{
    "Solution": {
        "rS1": 2.043121149792659,
        "rS2": 1.0794346812508075,
        "rS3": 0.11401355329475964,
        "kS1": 3.9760176367006914,
        "kS2": 1.6063665199207695,
        "kP": 2.438340958968652,
        "kE1": 4.697944226372916,
        "kE2": 1.1443234262933961,
        "alphaE": 4.750653728202738,
        "gammaE": 3.8059876144360847
    },
    "Values": [
        7.104007328125197,
        -4.161441186145463,
        21.558652021689692,
        1.0,
        0.4706700809637303
    ],
    "Population": {
        "rS1": [
            0.01,
            5
        ],
        "rS2": [
            0.01,
            5
        ],
        "rS3": [
            0.01,
            5
        ],
        "kS1": [
            0.01,
            5
        ],
        "kS2": [
            0.01,
            5
        ],
        "kP": [
            0.01,
            5
        ],
        "kE1": [
            0.01,
            5
        ],
        "kE2": [
            0.01,
            5
        ],
        "alphaE": [
            0.01,
            5
        ],
        "gammaE": [
            0.01,
            5
        ]
    },
    "SampleSpace": {
        "rS1": 1,
        "rS2": 1,
        "rS3": 1,
        "kS1": 1,
        "kS2": 1,
        "kP": 1,
        "kE1": 1,
        "kE2": 1,
        "alphaE": 1,
        "gammaE": 1
    }
}