{
    "Solution": {
        "beta_x": 1.5350104347063294,
        "beta_y": 2.200182782169697,
        "n": 0.00017153732574763658
    },
    "Values": [
        8.17792584982827e-06,
        2.269716413354152e-05
    ],
    "Population": {
        "beta_x": [
            0.0,
            10.0
        ],
        "beta_y": [
            0.0,
            10.0
        ],
        "n": [
            0.0,
            10.0
        ]
    },
    "SampleSpace": {
        "beta_x": 1,
        "beta_y": 1,
        "n": 1
    }
}