{
    "Solution": {
        "beta_x": 37.32062826985875,
        "beta_y": 43.07819103733018,
        "n": 5.570113043397208
    },
    "Values": [
        0.033279454314939304,
        0.8120165005575924
    ],
    "Population": {
        "beta_x": [
            0.01,
            50.0
        ],
        "beta_y": [
            0.01,
            50.0
        ],
        "n": [
            0.01,
            10.0
        ]
    },
    "SampleSpace": {
        "beta_x": 1,
        "beta_y": 1,
        "n": 1
    }
}