{
    "Solution": {
        "rS1": 2.6601448314242617,
        "kS1": 3.5332932308885834,
        "kS2": 2.809996526074343,
        "kP": 2.838650207234802,
        "kE1": 1.980111648770584,
        "kE2": 3.2506005310462958,
        "alphaE": 2.3529676677866687,
        "gammaE": 4.539076891601226
    },
    "Values": [
        0.4851842724540662,
        -0.2880095286713923,
        2.180924428350479,
        1.0,
        0.374867784330793
    ],
    "Population": {
        "rS1": [
            0.01,
            5
        ],
        "kS1": [
            0.01,
            5
        ],
        "kS2": [
            0.01,
            5
        ],
        "kP": [
            0.01,
            5
        ],
        "kE1": [
            0.01,
            5
        ],
        "kE2": [
            0.01,
            5
        ],
        "alphaE": [
            0.01,
            5
        ],
        "gammaE": [
            0.01,
            5
        ]
    },
    "SampleSpace": {
        "rS1": 1,
        "kS1": 1,
        "kS2": 1,
        "kP": 1,
        "kE1": 1,
        "kE2": 1,
        "alphaE": 1,
        "gammaE": 1
    }
}