{
    "Solution": {
        "rS1": 2.673347857837299,
        "kS1": 3.477378187721014,
        "kS2": 2.7331752730691847,
        "kP": 3.0501614691705092,
        "kE1": 1.9071755604118066,
        "kE2": 3.9823920363403165,
        "alphaE": 2.2622253828474927,
        "gammaE": 4.368328794669831
    },
    "Values": [
        0.47004581890018604,
        -0.3178205140866684,
        2.2541214956066633,
        1.0,
        0.4300584010526985
    ],
    "Population": {
        "rS1": [
            0.01,
            5
        ],
        "kS1": [
            0.01,
            5
        ],
        "kS2": [
            0.01,
            5
        ],
        "kP": [
            0.01,
            5
        ],
        "kE1": [
            0.01,
            5
        ],
        "kE2": [
            0.01,
            5
        ],
        "alphaE": [
            0.01,
            5
        ],
        "gammaE": [
            0.01,
            5
        ]
    },
    "SampleSpace": {
        "rS1": 1,
        "kS1": 1,
        "kS2": 1,
        "kP": 1,
        "kE1": 1,
        "kE2": 1,
        "alphaE": 1,
        "gammaE": 1
    }
}