{
    "Solution": {
        "alpha": 33.44209343269097,
        "n": 9.39760607075407
    },
    "Values": [
        0.09994629208652331,
        0.30013157699065346
    ],
    "Population": {
        "alpha": [
            0.01,
            50.0
        ],
        "n": [
            0.01,
            10.0
        ]
    },
    "SampleSpace": {
        "alpha": 1,
        "n": 1
    }
}