{
    "Solution": {
        "alpha": 2.0126396097784984,
        "n": 9.99978347698178
    },
    "Values": [
        0.16594526585342756,
        0.0008738546195325251
    ],
    "Population": {
        "alpha": [
            0.0,
            10.0
        ],
        "n": [
            0.0,
            10.0
        ]
    },
    "SampleSpace": {
        "alpha": 1,
        "n": 1
    }
}