{
    "Solution": {
        "alpha": 2.022297046253008,
        "n": 9.999052717602547
    },
    "Values": [
        0.1654112324384223,
        0.0015363883238721312
    ],
    "Population": {
        "alpha": [
            0.0,
            10.0
        ],
        "n": [
            0.0,
            10.0
        ]
    },
    "SampleSpace": {
        "alpha": 1,
        "n": 1
    }
}