{
    "Solution": {
        "beta_x": 34.77867366019963,
        "beta_y": 47.80666877859908,
        "n": 3.6316189445435025
    },
    "Values": [
        0.27281187338601554,
        0.3478582999802046
    ],
    "Population": {
        "beta_x": [
            0.01,
            50.0
        ],
        "beta_y": [
            0.01,
            50.0
        ],
        "n": [
            0.01,
            10.0
        ]
    },
    "SampleSpace": {
        "beta_x": 1,
        "beta_y": 1,
        "n": 1
    }
}