{
    "Solution": {
        "rS1": 3.572241398636709,
        "rS2": 2.172657906770908,
        "rS3": 3.952315389989683,
        "kS1": 4.656450002377554,
        "kS2": 0.6279440940428782,
        "kP": 0.3127146551359404,
        "kE1": 4.687013487944987,
        "kE2": 1.5110399666833438,
        "alphaE": 1.7691126389182672,
        "gammaE": 4.027586086413821
    },
    "Values": [
        4.27366052595291,
        -9.07064962520925,
        5.520144956622566,
        0.8784977408110435,
        1.0,
        0.5138497433845922
    ],
    "Population": {
        "rS1": [
            0.01,
            5
        ],
        "rS2": [
            0.01,
            5
        ],
        "rS3": [
            0.01,
            5
        ],
        "kS1": [
            0.01,
            5
        ],
        "kS2": [
            0.01,
            5
        ],
        "kP": [
            0.01,
            5
        ],
        "kE1": [
            0.01,
            5
        ],
        "kE2": [
            0.01,
            5
        ],
        "alphaE": [
            0.01,
            5
        ],
        "gammaE": [
            0.01,
            5
        ]
    },
    "SampleSpace": {
        "rS1": 1,
        "rS2": 1,
        "rS3": 1,
        "kS1": 1,
        "kS2": 1,
        "kP": 1,
        "kE1": 1,
        "kE2": 1,
        "alphaE": 1,
        "gammaE": 1
    }
}