{
    "Solution": [
        {
            "beta_x": 31.858605524572717,
            "beta_y": 48.228753579461326,
            "n": 4.914118542376058
        }
    ],
    "Values": [
        [
            0.04234812598650943,
            0.04234812598650944
        ]
    ]
}