{
    "Solution": {
        "beta_x": 31.102697015960405,
        "beta_y": 46.72349394700502,
        "n": 4.766616248474822
    },
    "Values": [
        0.045020487295391466,
        0.04502048729539145
    ],
    "Population": {
        "beta_x": [
            0.01,
            50.0
        ],
        "beta_y": [
            0.01,
            50.0
        ],
        "n": [
            0.01,
            10.0
        ]
    },
    "SampleSpace": {
        "beta_x": 1,
        "beta_y": 1,
        "n": 1
    }
}