{
    "Solution": {
        "beta_x": 28.879580527295587,
        "beta_y": 4.275109084936579,
        "n": 3.1653474258281253
    },
    "Values": [
        0.6701224169348846,
        0.7312076930093043
    ],
    "Population": {
        "beta_x": [
            0.01,
            50.0
        ],
        "beta_y": [
            0.01,
            50.0
        ],
        "n": [
            0.01,
            10.0
        ]
    },
    "SampleSpace": {
        "beta_x": 1,
        "beta_y": 1,
        "n": 1
    }
}