{
    "Solution": {
        "beta_x": 36.96753024384555,
        "beta_y": 5.2077800285756215,
        "n": 3.311406900576392
    },
    "Values": [
        0.17423286157738643,
        0.6495653573245413
    ],
    "Population": {
        "beta_x": [
            0.01,
            50.0
        ],
        "beta_y": [
            0.01,
            50.0
        ],
        "n": [
            0.01,
            10.0
        ]
    },
    "SampleSpace": {
        "beta_x": 1,
        "beta_y": 1,
        "n": 1
    }
}