{
    "Solution": {
        "beta_x": 9.30059560327434,
        "beta_y": 9.959309268373124,
        "n": 9.999919051517832
    },
    "Values": [
        0.012409750140081728,
        0.11309550406592273
    ],
    "Population": {
        "beta_x": [
            0.01,
            10.0
        ],
        "beta_y": [
            0.01,
            10.0
        ],
        "n": [
            0.01,
            10.0
        ]
    },
    "SampleSpace": {
        "beta_x": 1,
        "beta_y": 1,
        "n": 1
    }
}