{
    "Solution": {
        "beta_x": 36.07849765379031,
        "beta_y": 49.9709055145471,
        "n": 9.99897988708357
    },
    "Values": [
        0.010403324815981562,
        0.10198886719574518
    ],
    "Population": {
        "beta_x": [
            0.01,
            50.0
        ],
        "beta_y": [
            0.01,
            50.0
        ],
        "n": [
            0.01,
            10.0
        ]
    },
    "SampleSpace": {
        "beta_x": 1,
        "beta_y": 1,
        "n": 1
    }
}