{
    "Solution": {
        "beta_x": 6.472590322379922,
        "beta_y": 21.565572081002912,
        "n": 6.370276300847557
    },
    "Values": [
        0.028512183065733183,
        0.16315268298719443
    ],
    "Population": {
        "beta_x": [
            0.01,
            50.0
        ],
        "beta_y": [
            0.01,
            50.0
        ],
        "n": [
            0.01,
            10.0
        ]
    },
    "SampleSpace": {
        "beta_x": 1,
        "beta_y": 1,
        "n": 1
    }
}