{
    "Solution": {
        "alpha": 2.0311475549441393,
        "n": 9.999900864491435
    },
    "Values": [
        0.1649077884137954,
        0.0021394833289809867
    ],
    "Population": {
        "alpha": [
            0.01,
            50.0
        ],
        "n": [
            0.01,
            10.0
        ]
    },
    "SampleSpace": {
        "alpha": 1,
        "n": 1
    }
}