{
    "Solution": {
        "k1": 0.0005548999530401907,
        "k2": 0.0007369159897399658,
        "theta1": 5.797654072847671,
        "theta2": 5.824377707571384
    },
    "Values": [
        0.016404375203998837,
        1.024861815033208,
        13161.942380656305
    ],
    "Population": {
        "k1": [
            1e-07,
            0.001
        ],
        "k2": [
            1e-07,
            0.001
        ],
        "theta1": [
            0.001,
            10
        ],
        "theta2": [
            0.001,
            10
        ]
    },
    "SampleSpace": {
        "k1": 1,
        "k2": 1,
        "theta1": 1,
        "theta2": 1
    }
}