{
    "Solution": [
        {
            "beta_x": 34.60504562978659,
            "beta_y": 46.80889641265098,
            "n": 5.1850322815547285
        }
    ],
    "Values": [
        [
            0.1946862086498649,
            0.1946862086498649
        ]
    ]
}