{
    "Solution": {
        "beta_x": 35.87996381402833,
        "beta_y": 48.94349676746037,
        "n": 4.959570061011394
    },
    "Values": [
        0.2028642490504177,
        0.2028642490504177
    ],
    "Population": {
        "beta_x": [
            0.01,
            50.0
        ],
        "beta_y": [
            0.01,
            50.0
        ],
        "n": [
            0.01,
            10.0
        ]
    },
    "SampleSpace": {
        "beta_x": 1,
        "beta_y": 1,
        "n": 1
    }
}