{
    "Solution": [
        {
            "beta_x": 7.203244934421581,
            "beta_y": 0.0011437481734488664,
            "n": 3.0233257263183977
        }
    ],
    "Values": [
        [
            NaN,
            NaN
        ]
    ]
}