{
    "Solution": {
        "beta_x": 4.607841187441038,
        "beta_y": 9.964798919402405,
        "n": 9.997457867240028
    },
    "Values": [
        0.013585614655423824,
        0.11174067107735203
    ],
    "Population": {
        "beta_x": [
            0.0,
            10.0
        ],
        "beta_y": [
            0.0,
            10.0
        ],
        "n": [
            0.0,
            10.0
        ]
    },
    "SampleSpace": {
        "beta_x": 1,
        "beta_y": 1,
        "n": 1
    }
}