runs,hot,cold,prune
15,"[0.13436424411240122, 0.9560342718892494, 0.23796462709189137, 0.23604808973743452, 0.6229016948897019, 0.793340083761663, 0.32383276483316237, 0.2267058593810488, 0.46300735781502145, 0.5714025946899135, 0.4523795535098186, 0.4745706786885481, 0.2590084917154736, 0.10682853770165568, 0.965242141552123]","[0.8474337369372327, 0.9478274870593494, 0.5442292252959519, 0.1031660342307158, 0.7417869892607294, 0.8219540423197268, 0.15084917392450192, 0.9622950358343828, 0.37331193139504204, 0.4288890546751146, 0.559772386080496, 0.6574725026572553, 0.6852579929645369, 0.7025855239868555, 0.011654693792141124]","[0.763774618976614, 0.05655136772680869, 0.36995516654807925, 0.396058242610681, 0.7951935655656966, 0.4850346279309453, 0.6509344730398537, 0.12633089865085956, 0.13853941251445523, 0.5780913011344704, 0.9242105840237294, 0.6664104711248381, 0.6840819180161107, 0.6520420203142754, 0.7359916197968754]"
10,"[0.13436424411240122, 0.9560342718892494, 0.23796462709189137, 0.23604808973743452, 0.6229016948897019, 0.793340083761663, 0.32383276483316237, 0.2267058593810488, 0.46300735781502145, 0.5714025946899135]","[0.8474337369372327, 0.9478274870593494, 0.5442292252959519, 0.1031660342307158, 0.7417869892607294, 0.8219540423197268, 0.15084917392450192, 0.9622950358343828, 0.37331193139504204, 0.4288890546751146]","[0.763774618976614, 0.05655136772680869, 0.36995516654807925, 0.396058242610681, 0.7951935655656966, 0.4850346279309453, 0.6509344730398537, 0.12633089865085956, 0.13853941251445523, 0.5780913011344704]"
