{
    "Solution": {
        "k1": -3.7682445629533854,
        "k2": -3.1237090248588566,
        "theta1": 0.051358636184282457,
        "theta2": -1.3381823496666785
    },
    "Values": [
        0.3337899696015909,
        0.0020067861912577934,
        0.497266622622418
    ],
    "Population": {
        "k1": [
            -7.0,
            -3.0
        ],
        "k2": [
            -7.0,
            -3.0
        ],
        "theta1": [
            -3.0,
            1.0
        ],
        "theta2": [
            -3.0,
            1.0
        ]
    },
    "SampleSpace": {
        "k1": 1,
        "k2": 1,
        "theta1": 1,
        "theta2": 1
    }
}