{
    "Solution": {
        "beta_x": 29.35484534450559,
        "beta_y": 5.255903294173998,
        "n": 3.926564296398826
    },
    "Values": [
        0.31408854584370927,
        0.7821444050986799
    ],
    "Population": {
        "beta_x": [
            0.01,
            50.0
        ],
        "beta_y": [
            0.01,
            50.0
        ],
        "n": [
            0.01,
            10.0
        ]
    },
    "SampleSpace": {
        "beta_x": 1,
        "beta_y": 1,
        "n": 1
    }
}